id,timestamp,file,changes,why,prompt_idea
1,2024-03-19 12:00:00 UTC,changelog.csv,Create changelog file with headers and initial entry,To track all changes made to the repository,Create GitHub Actions runner repository structure
2,2024-03-19 12:01:00 UTC,Dockerfile,Create Dockerfile with Ubuntu base and runner setup,To provide the container environment for the GitHub Actions runner,Set up Docker container for GitHub Actions runner
3,2024-03-19 12:02:00 UTC,start.sh,Create startup script for runner configuration,To handle runner setup and automatic reconfiguration,Implement runner configuration and management script
4,2024-03-19 12:03:00 UTC,.railway/service.yaml,Create Railway service configuration,To define the service type for Railway deployment,Configure Railway service deployment
5,2024-03-19 12:04:00 UTC,README.md,Create comprehensive documentation,To provide setup instructions and usage guidelines,Document repository setup and usage
6,2024-03-19 12:05:00 UTC,.gitignore,Create gitignore file with common patterns,To exclude unnecessary files from version control,Set up version control exclusions
7,2024-03-19 12:06:00 UTC,Dockerfile,Add non-root user and proper permissions,To ensure runner runs without sudo privileges,Implement security best practices
8,2024-03-19 12:07:00 UTC,start.sh,Add permission checks and remove sudo usage,To ensure script runs without elevated privileges,Enhance security by running as non-root
9,2024-03-19 12:08:00 UTC,railway.toml,Create Railway template configuration,To define required variables and deployment settings,Configure Railway deployment requirements
10,2024-03-19 12:09:00 UTC,README.md,Add Railway template documentation,To explain the template configuration and variables,Document Railway deployment process
11,2024-03-19 12:10:00 UTC,railway.json,Create Railway template metadata,To make the repository available as an official Railway template,Configure Railway marketplace listing
12,2024-03-19 12:11:00 UTC,README.md,Add quick start and template information,To provide easier deployment options for users,Document template availability
13,2024-03-19 12:12:00 UTC,README.md,Update Quick Start instructions,To reflect the correct way to deploy through Railway dashboard,Update deployment process documentation
14,2024-03-19 12:13:00 UTC,.railway/variables.json,Create variables configuration,To define required environment variables for Railway template,Configure template variables
15,2024-03-19 12:14:00 UTC,README.md,Add template contributor instructions,To provide guidance for template submission process,Document template contribution process
16,2024-03-19 12:15:00 UTC,start.sh,Enhance error handling and logging,To better understand and debug runner issues,Improve runner diagnostics
17,2024-03-19 12:16:00 UTC,Dockerfile,Add logging directory and permissions,To support enhanced logging capabilities,Configure logging infrastructure 